{"cameraMode":{"drawMode":0,"name":"Shaded","section":"Shading Mode"},"sceneLighting":false,"audioPlay":false,"sceneViewState":{"showFog":true,"showMaterialUpdate":false,"showSkybox":true,"showFlares":true,"showImageEffects":true,"showParticleSystems":true},"in2DMode":false,"pivot":{"x":30.323814392089845,"y":71.69258117675781,"z":247.87802124023438},"rotation":{"x":0.06084753945469856,"y":0.8051680326461792,"z":-0.08388697355985642,"w":0.5839798450469971},"size":6.1578850746154789,"orthographic":false}