{"cameraMode":{"drawMode":0,"name":"Shaded","section":"Shading Mode"},"sceneLighting":true,"audioPlay":false,"sceneViewState":{"showFog":true,"showMaterialUpdate":false,"showSkybox":true,"showFlares":true,"showImageEffects":true,"showParticleSystems":true},"in2DMode":false,"pivot":{"x":-88.16948699951172,"y":28.720722198486329,"z":49.332027435302737},"rotation":{"x":-0.05672586336731911,"y":0.819521427154541,"z":0.08238301426172257,"w":0.5642678737640381},"size":2.8578836917877199,"orthographic":false}